zone,set,beta,k,M
zone111,1,1.05,0.48824880745228916,14775849.297451219
zone111,1,2,0.48824880745228971,28144474.852288082
zone111,1,5,0.49145539603199961,71767493.793112963
zone111,1,12,0.49388426419549947,174799928.99447453
zone111,1,30,0.49491777297834133,439721818.01650488
zone111,1,60,0.49526129275546626,881253362.53280616
zone111,1,120,0.49543286892247446,1764314605.9696641
zone111,1,250,0.49552204018837875,3677612954.9739327
zone211,1,1.05,0.48800881929420303,14537595.62756148
zone211,1,2,0.45857460784667153,22241904.000232603
zone211,1,5,0.39741569407695126,36134830.759765759
zone211,1,12,0.35051528441743168,62156661.12616238
zone211,1,30,0.32000731311475095,124314527.69168176
zone211,1,60,0.30739281683327058,226285639.96502104
zone211,1,120,0.3004600985065416,429523166.316199
zone211,1,250,0.29666474395851994,869456679.12398756
zone212,1,1.05,0.69651960649846667,41469338.845935799
zone212,1,2,0.60908460195197023,49536929.163794369
zone212,1,5,0.48436871960890343,62224197.289872013
zone212,1,12,0.38129866289645614,77615606.449294031
zone212,1,30,0.3013415576253291,102775484.54720138
zone212,1,60,0.26155259532703701,137595610.21818188
zone212,1,120,0.23666114833901405,202851323.57365325
zone212,1,250,0.22172207907630134,340848309.63196903
zone221,1,1.05,0.91687569584539241,-302041716.13878846
zone221,1,2,0.85328188016120143,-252951385.28148568
zone221,1,5,0.7031055225339059,-142856161.45581964
zone221,1,12,0.51164734723507432,-14820625.492259365
zone221,1,30,0.3474497223730616,113002846.79486413
zone221,1,60,0.3094121248525924,225413998.26337779
zone221,1,120,0.37077088098187339,390466914.32306391
zone221,1,250,0.52143066731524312,663490310.20081961
zone222,1,1.05,0.91981557290760618,-226106780.98150614
zone222,1,2,0.85823604841283563,-183665201.02447906
zone222,1,5,0.71164011067817556,-89862452.838954002
zone222,1,12,0.51992628113994754,12445215.534002775
zone222,1,30,0.33821932505240082,93372947.794329584
zone222,1,60,0.26240848406303097,142816006.84729731
zone222,1,120,0.25775148196595449,211740997.57733411
zone222,1,250,0.33613501476125096,364327288.21930099
zone311,1,1.05,0.88527789250268196,638545030.04695368
zone311,1,2,0.56788425266074027,199842387.14652696
zone311,1,5,0.34367225101635912,11258900.462933499
zone311,1,12,0.35049457282424573,62142116.357608512
zone311,1,30,0.30200493489431912,102658134.66301146
zone311,1,60,0.26984745631082041,151453651.2707721
zone311,1,120,0.24728904403118601,241249453.50430226
zone311,1,250,0.2327741795919773,430794029.7005862
zone312,1,1.05,0.8170428272957373,388691980.4088819
zone312,1,2,0.44360405741983006,811296.74347384216
zone312,1,5,0.45462636661423284,42935925.618710838
zone312,1,12,0.38128091633451955,78343906.284202144
zone312,1,30,0.27973709054472851,81663996.650064871
zone312,1,60,0.20280721466698892,55017737.615441851
zone312,1,120,0.12324801181374345,-27362279.666864049
zone312,1,250,0.018071879494841268,-267675639.40252212
zone321,1,1.05,0.9154661340990079,-358762915.86009938
zone321,1,2,0.85137479880155142,-293795000.41826129
zone321,1,5,0.70161966812639398,-156281308.00696266
zone321,1,12,0.51164419416321383,-14834372.81530394
zone321,1,30,0.33814886749444167,90030053.024435341
zone321,1,60,0.27010345768936622,151388659.48365167
zone321,1,120,0.27655079439075536,236337068.16581991
zone321,1,250,0.38133617881756909,417718962.23486894
zone322,1,1.05,0.91844626144792108,-279144426.24698639
zone322,1,2,0.85637928447370459,-222000129.41527849
zone322,1,5,0.71018322172297821,-102613831.84320645
zone322,1,12,0.51992313745849372,12431783.185955942
zone322,1,30,0.32852114734921872,69182593.889676094
zone322,1,60,0.21796511933785359,54322849.741924793
zone322,1,120,0.12936245572123969,-25797138.375234999
zone322,1,250,0.019542747903769652,-272501907.00583625
zone411,1,1.05,0.79470056406698764,352705489.1726191
zone411,1,2,0.67885462326456691,246238873.79527876
zone411,1,5,0.49434256598015175,119774306.97416906
zone411,1,12,0.36562261987664851,75513622.286713198
zone411,1,30,0.30469805144703133,106110144.21791823
zone411,1,60,0.28751434883762811,186701198.07184914
zone411,1,120,0.28025518809150568,354595284.37920642
zone411,1,250,0.27692937646256688,720747177.27371621
zone412,1,1.05,0.82731033978800372,294051736.60202801
zone412,1,2,0.72546950284369194,222792482.19705051
zone412,1,5,0.5486824715343106,133081614.27682316
zone412,1,12,0.39433073156451476,91132833.346064091
zone412,1,30,0.28301348137943072,85418688.062224016
zone412,1,60,0.23192630791804283,97221879.109405249
zone412,1,120,0.20136511202284815,124226797.89054079
zone412,1,250,0.1834541296931595,182558555.31861892
zone421,1,1.05,0.91902781668919797,-194501982.34020239
zone421,1,2,0.85667650779344662,-163601321.55188853
zone421,1,5,0.70788515271375829,-91492377.41063039
zone421,1,12,0.51407524083774814,-2850287.3046114966
zone421,1,30,0.33947314681668395,93616517.795314476
zone421,1,60,0.28767711062466034,186646293.1396347
zone421,1,120,0.33365635327239263,333237411.56693989
zone421,1,250,0.48077227707613995,592411863.71951652
zone422,1,1.05,0.92190623220236412,-125686159.54535466
zone422,1,2,0.8615410989692569,-99916684.673632234
zone422,1,5,0.71632655141015844,-41142583.039066829
zone422,1,12,0.52234694015029604,24125377.633590017
zone422,1,30,0.32990201843795791,72952934.313946322
zone422,1,60,0.237837127944829,96434363.400416449
zone422,1,120,0.20728648867437494,124276652.72478956
zone422,1,250,0.24813400990218704,198294528.57082528
zone4222,1,1.05,0.92177979866681015,-126956559.61256693
zone4222,1,2,0.8613059072677558,-101161910.72397546
zone4222,1,5,0.71577478080159618,-42351036.341152206
zone4222,1,12,0.52115105034736642,22860590.707543038
zone4222,1,30,0.32732065144853106,71280143.207834631
zone4222,1,60,0.23341904959700058,93965219.411846012
zone4222,1,120,0.20065000475602973,120500688.80547771
zone4222,1,250,0.24367417036110278,195252139.47497708
zone111,2,1.05,0.46520850029453625,5019969.5931312637
zone111,2,2,0.46901238151499314,9784205.333565874
zone111,2,5,0.47150271990486786,24824821.826384004
zone111,2,12,0.47246435268485615,59917383.333125509
zone111,2,30,0.47287531976219921,150154458.64169356
zone111,2,60,0.47301215447098005,300549334.24716675
zone111,2,120,0.47308054293046098,601338991.85796297
zone111,2,250,0.47311609732061277,1253049865.3300614
zone211,2,1.05,0.46493597066115117,4920822.4960334096
zone211,2,2,0.43569194334652062,7543208.1874753321
zone211,2,5,0.36155118432600464,10917619.467724597
zone211,2,12,0.29469140781720421,15193081.109325415
zone211,2,30,0.24404754424844191,23395063.634632938
zone211,2,60,0.21993049447593563,35766459.967280783
zone211,2,120,0.20539963558029159,59770257.811136156
zone211,2,250,0.19693557381838056,111260145.8601746
zone212,2,1.05,0.68129988672766439,16655800.966276702
zone212,2,2,0.59240786707792092,19545237.928998567
zone212,2,5,0.45931506835028579,22598387.953121223
zone212,2,12,0.3381974399154512,22869493.267878633
zone212,2,30,0.22686645816958254,14978576.80893153
zone212,2,60,0.15266833841721256,-10726469.598972237
zone212,2,120,0.077343156465426194,-47236324.136134848
zone212,2,250,0.0063441548517292013,-117479084.97640209
zone221,2,1.05,0.85843729309460604,-48979641.242903247
zone221,2,2,0.76294628394359587,-34002461.101881683
zone221,2,5,0.57188194400776327,-8989852.3235126454
zone221,2,12,0.38069182656717987,10121967.388116324
zone221,2,30,0.25117888614229372,23257988.708221506
zone221,2,60,0.22746432856285576,35926082.474665165
zone221,2,120,0.27968015632266069,66429328.979179986
zone221,2,250,0.42594573951143,165826449.61660472
zone222,2,1.05,0.86581723894023788,-25598021.277084287
zone222,2,2,0.77480115938725458,-12944162.230866801
zone222,2,5,0.59040108820102988,7311468.8075958295
zone222,2,12,0.39754364848477497,19588596.938967388
zone222,2,30,0.2392097871173052,17799972.977298032
zone222,2,60,0.15445156663928747,2840557.6882993612
zone222,2,120,0.079375801480098221,-35866767.409093402
zone222,2,250,-0.030542777240361783,-148995033.71756458
zone311,2,1.05,0.64823950797081609,28088178.951711223
zone311,2,2,0.51573112611976057,17783096.344069958
zone311,2,5,0.36822264513304476,11834961.917043105
zone311,2,12,0.30020165895123219,16234148.490436971
zone311,2,30,0.27519272606868067,34035471.843687735
zone311,2,60,0.26834363013443435,64819207.001145549
zone311,2,120,0.26529438671877287,126668922.19680932
zone311,2,250,0.2638178872545095,260799562.21953422
zone312,2,1.05,0.73980184981848662,31435768.584727876
zone312,2,2,0.62529221702082627,26681920.733630978
zone312,2,5,0.4630055823041731,23499684.518708833
zone312,2,12,0.34244432091211091,24450690.470925961
zone312,2,30,0.26219338847739865,29126643.441957135
zone312,2,60,0.22692648736669663,36586616.380764373
zone312,2,120,0.2065335450031025,51003255.67933736
zone312,2,250,0.19494234124965309,81813701.429704458
zone321,2,1.05,0.86059554901590607,-39224465.226747923
zone321,2,2,0.76528697468869866,-28250177.543252181
zone321,2,5,0.57255298388890852,-8243568.6720257355
zone321,2,12,0.38235723820128481,11143638.377360422
zone321,2,30,0.2764652962659398,33982527.096524492
zone321,2,60,0.29940733213904208,63920117.328435972
zone321,2,120,0.41407322514964207,125560890.5568215
zone321,2,250,0.58013827144627728,278716435.43172312
zone322,2,1.05,0.86786810777840395,-16813145.65212075
zone322,2,2,0.77703118874586674,-7738335.6732429862
zone322,2,5,0.59104572705631808,7997636.7735881191
zone322,2,12,0.39917542864641353,20563667.056760542
zone322,2,30,0.26534219694228695,29034561.475215044
zone322,2,60,0.23640298967867293,36634025.496995807
zone322,2,120,0.27139199504234074,55033412.339131966
zone322,2,250,0.36544767713836646,114017939.3715791
zone411,2,1.05,0.73241375995709834,573474833.90472054
zone411,2,2,0.33423681130716565,53653102.441469111
zone411,2,5,0.25626205274339175,-19153843.199884694
zone411,2,12,0.28638865624315679,11952675.781121407
zone411,2,30,0.27505455299829129,33969161.121454537
zone411,2,60,0.26759847878371806,64233968.702944972
zone411,2,120,0.26301458735091948,123467554.47441274
zone411,2,250,0.26037759111342562,251341398.40911281
zone412,2,1.05,0.57654676959910867,82285945.900712311
zone412,2,2,0.43661722192069968,-84344607.505902648
zone412,2,5,0.411361991921603,2706934.8662195457
zone412,2,12,0.3318771046884183,20578782.134988047
zone412,2,30,0.26203953603841962,29057289.166713949
zone412,2,60,0.22590970518393785,35932815.016361304
zone412,2,120,0.20297397064820275,47273787.869888999
zone412,2,250,0.18909995819527475,70504510.59977302
zone421,2,1.05,0.85545514618040208,-82582428.19718942
zone421,2,2,0.75808458967711045,-60636113.412140526
zone421,2,5,0.56468883964916483,-23280888.002927877
zone421,2,12,0.37829991275162389,7345385.3144382443
zone421,2,30,0.27634266477629144,33915765.548257701
zone421,2,60,0.29819637116000491,63382508.950446524
zone421,2,120,0.40895021198050135,123119735.39527883
zone421,2,250,0.57338854542640938,272992857.2667681
zone422,2,1.05,0.86298347039734202,-55819654.553627148
zone422,2,2,0.77016930800649197,-37013156.669688687
zone422,2,5,0.5834909773113246,-5803939.3600777248
zone422,2,12,0.39520003428650879,16949099.443900973
zone422,2,30,0.26521546687086461,28964898.977055021
zone422,2,60,0.2350242208670229,35988855.944829933
zone422,2,120,0.26412325502036144,51392547.308495283
zone422,2,250,0.34979910015356114,102850872.90801573
zone4222,2,1.05,0.85852628003818943,-62182241.43820022
zone4222,2,2,0.76264616545510688,-42209769.68174915
zone4222,2,5,0.56960717745490619,-9096605.614714358
zone4222,2,12,0.37434188475509528,14929932.007126847
zone4222,2,30,0.23891580732908313,27266179.578565501
zone4222,2,60,0.21048085872490407,34168705.517769217
zone4222,2,120,0.26693114713570071,51702264.63710279
zone4222,2,250,0.52155412520379152,153615850.77481437
zone111,3,1.05,0.46094873711648654,67217986.015022397
zone111,3,2,0.46094873711648693,128034259.07623297
zone111,3,5,0.46713845372706797,332459046.58605397
zone111,3,12,0.47044650029861701,813796574.3782531
zone111,3,30,0.47185065466762388,2051371059.3231063
zone111,3,60,0.47231691598845377,4113955456.2654915
zone111,3,120,0.47254971255217243,8239109408.3701954
zone111,3,250,0.47267067890122988,17176934838.12105
zone211,3,1.05,0.46069470026704484,65622809.29794398
zone211,3,2,0.42944280764098036,99275843.364315957
zone211,3,5,0.36866764150576053,161059605.26194179
zone211,3,12,0.32059089712685251,270726851.64152682
zone211,3,30,0.28889259969547565,527232527.5159421
zone211,3,60,0.2756533407816999,945452652.96755767
zone211,3,120,0.26833644495354558,1777686382.7326548
zone211,3,250,0.26431710298040079,3578328440.305584
zone212,3,1.05,0.60642617960134348,148843045.47977114
zone212,3,2,0.52406961674025365,178768634.15047985
zone212,3,5,0.40904272865633129,218780564.90727955
zone212,3,12,0.31363197253455966,246058014.63767254
zone212,3,30,0.23873820402660917,246217515.68315709
zone212,3,60,0.20067447725934157,200354594.94676584
zone212,3,120,0.1763309487766542,59737303.578940332
zone212,3,250,0.16142116776591106,-336040913.26879096
zone221,3,1.05,0.89370573976467982,-971525367.53077579
zone221,3,2,0.8159663742951706,-769367684.47661602
zone221,3,5,0.64416876150611391,-340896407.89714003
zone221,3,12,0.44718536526312375,97696533.792621002
zone221,3,30,0.30075266744190626,515861771.92717266
zone221,3,60,0.2923391857292596,933723384.17758811
zone221,3,120,0.3988506357622843,1722943186.6493096
zone221,3,250,0.33790624254584239,3717179954.956048
zone222,3,1.05,0.89593075890863882,-780882012.65504789
zone222,3,2,0.81946499207999035,-603658766.99464667
zone222,3,5,0.64878824462368534,-238056614.79916841
zone222,3,12,0.44645140463595923,88226190.879995361
zone222,3,30,0.27213440229341967,256389184.10648388
zone222,3,60,0.20155277204325614,278480339.11066532
zone222,3,120,0.19807105532923111,288670195.43932968
zone222,3,250,0.25690542974223834,582836521.20938444
zone311,3,1.05,0.62751008185716484,436783057.83974087
zone311,3,2,0.50609654810388383,266858916.75501221
zone311,3,5,0.3810514515803507,189839272.41272163
zone311,3,12,0.32059285283399186,270733080.65515751
zone311,3,30,0.29358677810568778,554349792.86184478
zone311,3,60,0.28467961232675443,1037688124.4467118
zone311,3,120,0.28027606435143687,2006337757.7959678
zone311,3,250,0.27800356707955265,4105674848.9319277
zone312,3,1.05,0.69007032782129329,424342449.36688256
zone312,3,2,0.57121208367400278,313854080.01576877
zone312,3,5,0.41900517724691461,246587788.9809086
zone312,3,12,0.31363406495378321,252809742.75688976
zone312,3,30,0.24542235115724415,305403399.32872897
zone312,3,60,0.21591485844714678,389070831.36204803
zone312,3,120,0.1990264521060241,550121779.92342675
zone312,3,250,0.18949974915136752,893893570.86032426
zone321,3,1.05,0.8943652760597699,-886647788.88822496
zone321,3,2,0.81683132869224551,-709432457.17754078
zone321,3,5,0.64479872793611159,-321900249.64338535
zone321,3,12,0.44718575015799511,97702411.146827176
zone321,3,30,0.30389456288156796,543807203.32660484
zone321,3,60,0.30734523132748448,1017661158.6656849
zone321,3,120,0.41143085721051786,1876532293.8909934
zone321,3,250,0.35908581793985977,4049478435.5065241
zone322,3,1.05,0.89658128830200334,-699263152.99774122
zone322,3,2,0.82032013158654815,-545781587.86827981
zone322,3,5,0.64941542097019866,-219467440.09333739
zone322,3,12,0.44645179320318146,88232126.820443526
zone322,3,30,0.27536618158229459,287124861.74359447
zone322,3,60,0.21591493819945612,389070823.67469996
zone322,3,120,0.24874801483579165,584294030.54425323
zone322,3,250,0.28067612278754905,1199759709.851918
zone411,3,1.05,0.68634425293213597,1184840084.562892
zone411,3,2,0.55596956133649866,702152167.69215167
zone411,3,5,0.40238049457480579,321056491.02599543
zone411,3,12,0.32515001433350649,297979540.40185481
zone411,3,30,0.293859005453457,556593942.68757701
zone411,3,60,0.28469115660336097,1037835165.7456299
zone411,3,120,0.28046927161401924,2010585275.3732219
zone411,3,250,0.2783839883311805,4121713016.8490744
zone412,3,1.05,0.72900787669914136,1009829937.1719365
zone412,3,2,0.60589740327428832,668036198.36455441
zone412,3,5,0.43649655057025133,365474307.42587715
zone412,3,12,0.31850357554498321,280810529.86298788
zone412,3,30,0.2458065577410857,307952120.44898957
zone412,3,60,0.21593381740527878,389245857.69060355
zone412,3,120,0.19937564869452157,555324856.18589318
zone412,3,250,0.19022766393380161,913879617.23410225
zone421,3,1.05,0.89496894754600842,-744575279.9063704
zone421,3,2,0.81774978928574171,-594266495.54105079
zone421,3,5,0.64602627181610961,-257349909.45878926
zone421,3,12,0.44809731156762844,120029838.58357371
zone421,3,30,0.30407981560366132,546082985.72745085
zone421,3,60,0.3073651348503465,1017793770.3521714
zone421,3,120,0.41163998546492958,1879180803.0245979
zone421,3,250,0.35968811469300194,4058372858.5027876
zone422,3,1.05,0.8971767246115695,-562861962.53188193
zone422,3,2,0.82122818274695197,-434756127.87054455
zone422,3,5,0.65063754113606953,-156425263.98513606
zone422,3,12,0.44737205649576772,110720213.82378145
zone422,3,30,0.2755567260742357,289618044.84351784
zone422,3,60,0.21593387761872615,389245851.86702639
zone422,3,120,0.2496833031718281,589508630.22074652
zone422,3,250,0.28135210476427808,1217329534.5979846
zone4222,3,1.05,0.89705541007340628,-565991398.92016459
zone4222,3,2,0.82096052859237589,-438341609.62263024
zone4222,3,5,0.64979110036121168,-160983236.7865229
zone4222,3,12,0.44493741787905772,104424439.74511014
zone4222,3,30,0.26940312603168809,279346968.72122723
zone4222,3,60,0.20693966309830569,375724662.46379566
zone4222,3,120,0.29631276024435932,654008508.95099831
zone4222,3,250,0.201824003765321,1167352550.3590634
zone111,4,1.05,0.46433380229899635,22095895.263291992
zone111,4,2,0.46480350386362529,42209496.235830188
zone111,4,5,0.46697880585491952,106937787.22627725
zone111,4,12,0.46781956369600214,257963029.25470939
zone111,4,30,0.46817900488323289,646310485.64430714
zone111,4,60,0.46829870114240063,1293555404.249747
zone111,4,120,0.46835852727265204,2588044926.0329142
zone111,4,250,0.4683896310669951,5392772050.1676445
zone211,4,1.05,0.46404599942820229,21878490.793422624
zone211,4,2,0.42854836350526193,32073106.151265714
zone211,4,5,0.3430881113480953,42780310.333303869
zone211,4,12,0.25698251229234359,50473457.861327566
zone211,4,30,0.1757236504987208,54780798.411794536
zone211,4,60,0.12031836553858884,51057701.021156795
zone211,4,120,0.058857074507785531,26363031.072629023
zone211,4,250,0.021176600024491142,-33106074.209606368
zone212,4,1.05,0.67941726877356912,78958175.929438516
zone212,4,2,0.58948100831093853,90600662.360014513
zone212,4,5,0.45371140896860385,102758006.43642969
zone212,4,12,0.32451788248222652,102100518.71395104
zone212,4,30,0.190162057981349,66950695.609688021
zone212,4,60,0.01203815913355287,-25894997.275341082
zone212,4,120,0.029021134561865006,-178457355.92341992
zone212,4,250,0.037729928200176767,-505113373.58378309
zone221,4,1.05,0.91519518533738442,-427309803.48650289
zone221,4,2,0.85035051801992645,-356937123.88549703
zone221,4,5,0.69650583843141634,-208372503.80430838
zone221,4,12,0.49408427293121365,-60397574.005324915
zone221,4,30,0.29018233228574658,31555030.451141901
zone221,4,60,0.17679189995570285,52084317.569722869
zone221,4,120,0.097221876566023949,38772172.462040283
zone221,4,250,0.026402932054230485,-34228454.284856625
zone222,4,1.05,0.91739780417817141,-317950834.83460516
zone222,4,2,0.85413791492131941,-253884751.44760665
zone222,4,5,0.7035513210713098,-120576399.27844509
zone222,4,12,0.50331215849347399,3356223.6097727926
zone222,4,30,0.29369243005977969,48043297.817946434
zone222,4,60,0.16173085546384966,-9596967.1492599491
zone222,4,120,0.03908949866839935,-200947418.89399227
zone222,4,250,-0.10680561642718769,-738521891.168185
zone311,4,1.05,0.50754676231568219,34564254.41159524
zone311,4,2,0.43482759248003811,34210714.420405537
zone311,4,5,0.34612484827092005,44115105.145683616
zone311,4,12,0.28260810583926299,66447652.505769677
zone311,4,30,0.24069219957621946,120207467.62964082
zone311,4,60,0.2226119593149134,207944856.86331508
zone311,4,120,0.21236464960807855,382451137.17730814
zone311,4,250,0.20663682852338408,759926600.05542099
zone312,4,1.05,0.68929915052956581,85872860.653133973
zone312,4,2,0.59165352300035379,92043506.158954427
zone312,4,5,0.45523860088041218,103958714.89662258
zone312,4,12,0.34152075430659612,116951681.02076682
zone312,4,30,0.25002710359469954,134261728.5666171
zone312,4,60,0.20092281051533104,154224972.94299576
zone312,4,120,0.16741736607425356,188136082.51650065
zone312,4,250,0.14544443734201259,256530075.15071714
zone321,4,1.05,0.91524232035204611,-424631491.45934361
zone321,4,2,0.8503768720172119,-356131834.02882975
zone321,4,5,0.69657337804510011,-207476606.22426838
zone321,4,12,0.49621668235524047,-46093731.556057483
zone321,4,30,0.30626657749519648,96052257.00695093
zone321,4,60,0.22703268005572841,206652320.21745148
zone321,4,120,0.24977248698746257,372588157.3453781
zone321,4,250,0.24716413771893506,756695883.82033563
zone322,4,1.05,0.91744401430047218,-315405349.74023378
zone322,4,2,0.85416377875818217,-253118344.30813828
zone322,4,5,0.70361781347976238,-119720034.72958931
zone322,4,12,0.50542519959278864,17172530.375236392
zone322,4,30,0.3098056150706987,112124774.08956192
zone322,4,60,0.21189105143601841,151772818.66742957
zone322,4,120,0.16982539561630622,187949804.45791575
zone322,4,250,0.22201177568840769,268971950.84148544
zone411,4,1.05,0.76952368570670959,849901843.43157482
zone411,4,2,0.64434326213914828,569012950.6830337
zone411,4,5,0.44953708369262596,245293044.21498537
zone411,4,12,0.31169931626556457,115745319.95712639
zone411,4,30,0.24300700331503575,124790978.74749787
zone411,4,60,0.22267070991977964,208109183.22503027
zone411,4,120,0.21390433563852071,389493192.92239505
zone411,4,250,0.20985404729157026,787284044.47281253
zone412,4,1.05,0.80641211860441764,679818841.26709211
zone412,4,2,0.69750029664818547,490544443.69833106
zone412,4,5,0.51595590079265297,264275196.14343593
zone412,4,12,0.3621538178799974,160433877.2885913
zone412,4,30,0.25221097359552913,138781245.4820483
zone412,4,60,0.20099265615959838,154397840.57774657
zone412,4,120,0.16964323361471156,195890261.07416609
zone412,4,250,0.15083006279796135,287625659.70951426
zone421,4,1.05,0.91674800203929374,-252956270.13422987
zone421,4,2,0.8527579108651907,-211724930.63013479
zone421,4,5,0.70007332535912048,-118808095.2394067
zone421,4,12,0.49920112270682226,-11145467.253591496
zone421,4,30,0.30701492098377775,100462392.35836713
zone421,4,60,0.22707712166136873,206819247.91244045
zone421,4,120,0.25375514342397593,378437535.37486285
zone421,4,250,0.24992937159707199,780183093.54207695
zone422,4,1.05,0.91892018992030899,-152425281.74495682
zone422,4,2,0.85650059365375419,-115833948.15701427
zone422,4,5,0.7070635869144315,-35053503.977371059
zone422,4,12,0.50838265051107046,50892827.519443683
zone422,4,30,0.31055540067231152,116500470.37133624
zone422,4,60,0.21193533816768306,151947392.52681687
zone422,4,120,0.17265782279411646,195615611.82308313
zone422,4,250,0.22486939645602047,297184639.56531
zone4222,4,1.05,0.91825032098112025,-158332103.69091654
zone4222,4,2,0.85531162697285879,-121155086.86156344
zone4222,4,5,0.70461377250678658,-39128804.015472993
zone4222,4,12,0.50418493349293592,48094958.129939184
zone4222,4,30,0.30437929398429608,114526895.57930909
zone4222,4,60,0.20440734014412063,150215151.75377059
zone4222,4,120,0.16421011992902904,194161343.66822061
zone4222,4,250,0.20990940120315602,298629130.1340816
zone111,5,1.05,0.49596136366089955,14612238.67009693
zone111,5,2,0.4962846038550649,27885219.160483509
zone111,5,5,0.49649872722783672,69799801.805079579
zone111,5,12,0.4965819466872004,167600446.84588847
zone111,5,30,0.4966176034774229,419087799.33755255
zone111,5,60,0.49662948791550182,838233381.36633193
zone111,5,120,0.49663542991731657,1676524543.3776112
zone111,5,250,0.49663851970103073,3492822059.9455843
zone211,5,1.05,0.49568619798364399,14558495.062110003
zone211,5,2,0.46166356380547585,21710279.826058865
zone211,5,5,0.37733206688131882,29956674.40664164
zone211,5,12,0.29494075247388896,38647260.208222188
zone211,5,30,0.22309403829369939,52586011.718482107
zone211,5,60,0.18210879736871469,71414336.352479458
zone211,5,120,0.15262058073110363,105874779.98881589
zone211,5,250,0.13218416346844608,177499984.05719689
zone212,5,1.05,0.71565268816082572,50402209.810420848
zone212,5,2,0.62681242909590773,58196465.588751189
zone212,5,5,0.48836334657765451,66144289.046635173
zone212,5,12,0.35355893903602575,65856686.763608173
zone212,5,30,0.21118817378871504,43529867.737191439
zone212,5,60,0.045112144401503532,-17691483.119831778
zone212,5,120,0.030567110052130423,-119426085.38900734
zone212,5,250,0.041376383262027507,-337979010.23027575
zone221,5,1.05,0.90924306247487796,-238429771.58117017
zone221,5,2,0.84093631785191103,-194276737.24290496
zone221,5,5,0.68249905069853134,-105206150.60950482
zone221,5,12,0.48217861500532239,-18529151.426276144
zone221,5,30,0.29238706816169541,40695227.348649196
zone221,5,60,0.19853795839858318,70136666.441322282
zone221,5,120,0.15265846670853761,105875928.58056688
zone221,5,250,0.15818441622914031,182827761.73040766
zone222,5,1.05,0.91288118421149433,-160475874.55816078
zone222,5,2,0.84708723746374592,-122331668.83260499
zone222,5,5,0.69334878195526495,-47369698.070029788
zone222,5,12,0.49436866302665539,17613703.388658628
zone222,5,30,0.28904375948700384,33854621.884488091
zone222,5,60,0.1543745845478483,-8940659.3233236559
zone222,5,120,0.0079547594883557487,-142069976.05823696
zone222,5,250,-0.28685478728219732,-603486134.4123472
zone311,5,1.05,0.72321900330269129,120035219.25987421
zone311,5,2,0.58862800323206688,78623594.086603716
zone311,5,5,0.40271878296665875,40579132.458356366
zone311,5,12,0.29584981459541648,39076538.34306398
zone311,5,30,0.25490308823251273,75330558.333769619
zone311,5,60,0.24507142531367399,143013073.70229939
zone311,5,120,0.24126600209274063,280051938.70919669
zone311,5,250,0.23961909484191071,577625560.57180262
zone312,5,1.05,0.78971741029215747,120065478.59716798
zone312,5,2,0.67896514122218754,97881457.488857314
zone312,5,5,0.50158123959160394,74563166.128337488
zone312,5,12,0.35419135491038478,66562760.191701263
zone312,5,30,0.24630781271436081,68518444.197061181
zone312,5,60,0.1937766209185105,74955993.084902734
zone312,5,120,0.16029944337491633,87390530.269731224
zone312,5,250,0.13947801383118497,113260908.54911596
zone321,5,1.05,0.91043102601658121,-203417098.01862097
zone321,5,2,0.8424865808933657,-169796187.58191115
zone321,5,5,0.6835198462997194,-98274560.505276248
zone321,5,12,0.4822918990624851,-18146324.760894034
zone321,5,30,0.30408496998706724,63913468.258674257
zone321,5,60,0.2457086179797052,142864922.96720901
zone321,5,120,0.2755168526713645,270146813.51685673
zone321,5,250,0.40185272463125621,506288364.77855551
zone322,5,1.05,0.91402423904169383,-128146318.5910318
zone322,5,2,0.84858143864761426,-99654551.478250831
zone322,5,5,0.69433800210991481,-40882976.144833714
zone322,5,12,0.49447986021234419,17980677.679408718
zone322,5,30,0.30092676259547813,57547003.855965555
zone322,5,60,0.20533249175950083,73459109.386149257
zone322,5,120,0.16074163197709979,87359854.500416741
zone322,5,250,0.16416541739993762,113505729.46215712
zone411,5,1.05,0.94027657103455264,4052240477.0642328
zone411,5,2,0.80259439402548216,2727321859.0211396
zone411,5,5,0.32822914296046501,131154067.86531001
zone411,5,12,0.16696243264681784,-83684156.612329319
zone411,5,30,0.24578161813224833,63318355.627975255
zone411,5,60,0.24484307887697815,142578442.87127551
zone411,5,120,0.24055584172059447,277849299.42549103
zone411,5,250,0.23721588513052894,563896587.92822182
zone412,5,1.05,0.8973568646172928,3172133917.8606353
zone412,5,2,0.73158536121486151,1816615704.7745662
zone412,5,5,0.24632507483398977,-297233853.92140466
zone412,5,12,0.28136605584923208,-28933969.021970961
zone412,5,30,0.23635730408663391,56095459.683059402
zone412,5,60,0.19343222854388764,74465402.75596717
zone412,5,120,0.15891365703910551,84761780.105332077
zone412,5,250,0.13377013825494058,96240826.495252237
zone421,5,1.05,0.90556038846843168,-530421324.80309099
zone421,5,2,0.83481823207656791,-441412205.31583405
zone421,5,5,0.67225963366929653,-261532665.20836487
zone421,5,12,0.47225581501877684,-83375969.845435753
zone421,5,30,0.30044245319818208,52357069.574760795
zone421,5,60,0.24549939781074723,142426512.69930631
zone421,5,120,0.27431326120717547,268236963.89622587
zone421,5,250,0.39627380750773872,497752579.63160878
zone422,5,1.05,0.90933772043936101,-429781815.40631706
zone422,5,2,0.84119038765106113,-350972468.17240083
zone422,5,5,0.68342607028728641,-193427922.54502645
zone422,5,12,0.48462862899150494,-44396633.64964924
zone422,5,30,0.29722663352249551,45804022.438618205
zone422,5,60,0.20510650637470826,72965672.623777598
zone422,5,120,0.15924797026472243,84740186.767430887
zone422,5,250,0.15424862840026018,96970252.478768915
zone4222,5,1.05,0.90866977415959482,-438278855.72102743
zone4222,5,2,0.84001304531348975,-358357723.89239949
zone4222,5,5,0.68103356223057598,-198587472.19242218
zone4222,5,12,0.48056588058633659,-47458422.84047091
zone4222,5,30,0.29114458034210716,43926912.759355694
zone4222,5,60,0.19737493526248381,71246280.434857354
zone4222,5,120,0.14994646345111853,82721411.123600438
zone4222,5,250,0.14559481024008944,94634590.304720819
zone111,6,1.05,0.5169461254721186,18861754.636100926
zone111,6,2,0.51768988724008869,36090973.820262127
zone111,6,5,0.51818183128509232,90498339.621504948
zone111,6,12,0.51837286643933378,217448501.78305912
zone111,6,30,0.51845469134040922,543891622.71309686
zone111,6,60,0.51848196000380442,1087963450.1023722
zone111,6,120,0.51849559315388538,2176107089.5745802
zone111,6,250,0.51850268208064298,4533751633.3637352
zone211,6,1.05,0.5167212946887505,18774912.862820536
zone211,6,2,0.49010960173948326,29345016.78967689
zone211,6,5,0.42973097046246045,48017479.689623043
zone211,6,12,0.38158020179563706,82750284.22066763
zone211,6,30,0.35042638047024538,167309187.06873152
zone211,6,60,0.3375713268049737,306769905.74809641
zone211,6,120,0.33051283410287319,585096235.23847175
zone211,6,250,0.32665062141118689,1187799191.3627129
zone212,6,1.05,0.85250912706322135,119001399.14634401
zone212,6,2,0.77478420176590312,130926564.88841538
zone212,6,5,0.6365456789200481,149964908.46722385
zone212,6,12,0.49238887693460676,164540622.2657226
zone212,6,30,0.34899305641946265,164201705.1246919
zone212,6,60,0.25149196421871522,137975502.69767085
zone212,6,120,0.16044037294497812,59285473.143013425
zone212,6,250,0.018512904439594385,-149483966.65068251
zone221,6,1.05,0.89748906658364669,-267382064.71544462
zone221,6,2,0.82270346530342386,-208919694.08133459
zone221,6,5,0.65795491231256875,-91058533.930242971
zone221,6,12,0.47308975791158525,34356316.9301918
zone221,6,30,0.35246759540424694,166180848.80539313
zone221,6,60,0.36995144744712233,283010076.92260307
zone221,6,120,0.4963964312990386,378057620.65024596
zone221,6,250,0.66858840606230974,234145342.4416545
zone222,6,1.05,0.91240416200071639,-12609819.663992697
zone222,6,2,0.84772408782913278,23378430.987363923
zone222,6,5,0.70143476023937512,91437029.667589381
zone222,6,12,0.52224137592775532,147720396.96441284
zone222,6,30,0.35147516195751932,164668951.92376778
zone222,6,60,0.25240889903241964,140605377.52069214
zone222,6,120,0.16427877134055366,67350359.141793072
zone222,6,250,0.039808770830581215,-139850351.14701051
zone311,6,1.05,0.68998738035415497,115598689.8533958
zone311,6,2,0.57084507849555954,74916271.811242804
zone311,6,5,0.44038722363174548,54529929.897780448
zone311,6,12,0.38229288818286378,83358251.155093879
zone311,6,30,0.36102261969722005,184030544.77139565
zone311,6,60,0.35505933394403061,356054061.71433592
zone311,6,120,0.35235042482327283,701064765.98086715
zone311,6,250,0.35102006883406278,1448969261.7756102
zone312,6,1.05,0.86343345486000445,148834912.42834857
zone312,6,2,0.78401442755034301,148958632.11962852
zone312,6,5,0.63920671843854515,154109419.98757321
zone312,6,12,0.49276715278838107,165648648.53310779
zone312,6,30,0.36098582162191695,183982402.60695559
zone312,6,60,0.28521731169139786,203952856.27391994
zone312,6,120,0.23090110813467099,235356330.74517953
zone312,6,250,0.19358925692596324,295815582.74839342
zone321,6,1.05,0.89860160307114367,-235053877.08272171
zone321,6,2,0.82409460510389387,-187274494.27247366
zone321,6,5,0.65873268323847201,-85861670.024198174
zone321,6,12,0.47328872473583777,35012866.752053007
zone321,6,30,0.36187601413722148,183513543.71361643
zone321,6,60,0.39824156391531212,318396005.96745735
zone321,6,120,0.53939851216863188,408643258.44662601
zone321,6,250,0.69878292789359442,225054531.70095557
zone322,6,1.05,0.91337843292673182,11317994.293321306
zone322,6,2,0.84895155096387753,39590134.815237291
zone322,6,5,0.70213763626446879,95480082.103418604
zone322,6,12,0.52243165448075968,148280083.25857809
zone322,6,30,0.36193841785912767,183606415.71549854
zone322,6,60,0.29363395873878129,201298266.07140091
zone322,6,120,0.27926990100035587,222243815.68392128
zone322,6,250,0.33389494716210599,261004551.01646084
zone411,6,1.05,0.93352027056573117,4977124971.5740776
zone411,6,2,0.77659607102191763,3238368321.3274374
zone411,6,5,0.22271511442687994,-252453693.54279277
zone411,6,12,0.33811906319910096,-9353042.0080859456
zone411,6,30,0.3572641257387672,173371604.71624184
zone411,6,60,0.35492957641148409,355515539.49459076
zone411,6,120,0.3521477377155634,699683180.83139992
zone411,6,250,0.35024674756592761,1439214501.8258107
zone412,6,1.05,0.80135267222139006,518340855.1608609
zone412,6,2,0.55720677968007382,-1383513931.0742741
zone412,6,5,0.58093430681055203,-85361811.942462593
zone412,6,12,0.47096627907210098,100239372.62830466
zone412,6,30,0.3567508403027686,172704212.7684117
zone412,6,60,0.28498347214735259,203281282.8917554
zone412,6,120,0.23037303867444894,233453339.21440339
zone412,6,250,0.19091618165743279,281519922.76393688
zone421,6,1.05,0.89242225397852204,-694795803.02764118
zone421,6,2,0.81460771952776767,-558262078.59649849
zone421,6,5,0.64563812849613511,-293341530.24737614
zone421,6,12,0.46264911747384668,-38943561.817907996
zone421,6,30,0.35848064866053986,172675488.67360801
zone421,6,60,0.39802774346082953,317997678.63819861
zone421,6,120,0.53900989758778206,408258849.29292637
zone421,6,250,0.69787621556842749,225201749.23638794
zone422,6,1.05,0.90796708823062899,-326868698.81531304
zone422,6,2,0.84058092319302891,-236327363.05152148
zone422,6,5,0.69030412545168729,-64350120.060285829
zone422,6,12,0.51225675957046846,86302781.616621777
zone422,6,30,0.3581623239422001,172193114.11751351
zone422,6,60,0.29332236227031472,200664323.35202044
zone422,6,120,0.27823482776404201,220653713.55509853
zone422,6,250,0.32539342914657693,251271583.54038051
zone4222,6,1.05,0.90660026372889635,-345091865.74982882
zone4222,6,2,0.83818297204933823,-252054225.05523121
zone4222,6,5,0.68546170820098995,-75313865.419380873
zone4222,6,12,0.50397397977597502,79501974.187930092
zone4222,6,30,0.34521525491156524,167534016.33441415
zone4222,6,60,0.27597273516657123,196328029.11282468
zone4222,6,120,0.25737136843069996,216685290.69465753
zone4222,6,250,0.33716630205812043,251926549.18743393
zone111,7,1.05,0.50114767071886346,21884126.76513024
zone111,7,2,0.50146104164486205,41758784.627218649
zone111,7,5,0.50166863459621835,104520732.69424331
zone111,7,12,0.50174931755507246,250965211.38578987
zone111,7,30,0.50178388780579897,627536699.41219318
zone111,7,60,0.5017954101349692,1255155838.4957683
zone111,7,120,0.50180117109562328,2510394113.8030615
zone111,7,250,0.50180416674144035,5230077042.0658312
zone211,7,1.05,0.50085653385289775,21810700.168054312
zone211,7,2,0.46448337584522698,31803173.976132374
zone211,7,5,0.37035049499182837,38883337.28625375
zone211,7,12,0.26738377572457966,33631444.259522289
zone211,7,30,0.14517548751291817,-8965627.3106227182
zone211,7,60,0.033683841590938388,-113108879.00104639
zone211,7,120,0.048636367066856902,-260066590.85530069
zone211,7,250,0.056278482925760535,-577325583.73983777
zone212,7,1.05,0.64495258611064699,47929723.162350088
zone212,7,2,0.56697714159298795,58941113.708048187
zone212,7,5,0.43955328230396129,66721118.721529976
zone212,7,12,0.30851238334892017,54258082.547588982
zone212,7,30,0.13887937140126097,-36968597.530359998
zone212,7,60,0.045058781786926176,-136013956.975106
zone212,7,120,0.063173823382962971,-338754389.10013002
zone212,7,250,0.072421223498326345,-775240991.16864204
zone221,7,1.05,0.83411302428399547,-130212988.5176753
zone221,7,2,0.72890578530077677,-78846553.84885326
zone221,7,5,0.53109734665297514,-7061600.2679714598
zone221,7,12,0.34021777941012293,24621098.948519781
zone221,7,30,0.17952487636352737,-5307651.8074448416
zone221,7,60,0.05697956849385135,-110572846.19598052
zone221,7,120,-0.20979937287221589,-525139533.87702268
zone221,7,250,1.1869653047168081,-4989028581.1647873
zone222,7,1.05,0.84103066289622275,-76913329.25008817
zone222,7,2,0.73984815111448454,-31140767.641696401
zone222,7,5,0.54802142663936437,30897872.465229675
zone222,7,12,0.35726143648358727,50638580.465644024
zone222,7,30,0.17732632345355692,-8254294.0995736606
zone222,7,60,0.0014800503624423052,-189677459.45809719
zone222,7,120,-0.48694262193595916,-1018421245.2949419
zone222,7,250,3.4582875940963631,2870802369.5906935
zone311,7,1.05,0.65949109108218451,92131260.27001366
zone311,7,2,0.52700623149907266,60047787.987011164
zone311,7,5,0.37158349401507701,39470850.511710733
zone311,7,12,0.29202921734053311,48478019.112939239
zone311,7,30,0.25915748092641527,92762678.644998908
zone311,7,60,0.24940070998124625,170347616.81607047
zone311,7,120,0.24488292222417643,326502791.02086788
zone311,7,250,0.24264510461110941,665276346.72456932
zone312,7,1.05,0.72084608059379207,101062286.0407225
zone312,7,2,0.6019931044665312,81488238.830927432
zone312,7,5,0.44036317623776794,68082628.361553326
zone312,7,12,0.32784950734786167,71522794.090145692
zone312,7,30,0.25817564866560466,91544387.578567579
zone312,7,60,0.22934884513022166,125342307.79058093
zone312,7,120,0.21330444185821379,192187713.13396612
zone312,7,250,0.20441783718101744,336292175.10728961
zone321,7,1.05,0.83779339799599828,-89902118.634886608
zone321,7,2,0.73225579986772871,-58700709.321006984
zone321,7,5,0.53128592173216027,-6530981.3766410574
zone321,7,12,0.34904746128283209,39171137.590148844
zone321,7,30,0.259157933986291,92762640.719010055
zone321,7,60,0.29175989934545565,169522449.21727991
zone321,7,120,0.41843927250707924,341865110.71191996
zone321,7,250,0.60622959351631722,788545037.56244922
zone322,7,1.05,0.84456386782766735,-39839204.261224888
zone322,7,2,0.74306969103449272,-12553558.63318404
zone322,7,5,0.54820375827207912,31392498.132212207
zone322,7,12,0.36591069451445662,64539244.002723336
zone322,7,30,0.25817657500100516,91544327.764653191
zone322,7,60,0.25667232300357817,126625971.60670833
zone322,7,120,0.33093650884627723,220479691.59000954
zone322,7,250,0.48410630672661403,525129406.2279709
zone411,7,1.05,0.7372082549331137,1565042988.6549058
zone411,7,2,0.32408085444462115,114366114.34997165
zone411,7,5,0.27046521302850646,-43658633.919654079
zone411,7,12,0.28182427907251356,39003452.62241409
zone411,7,30,0.25893165418697173,92433537.441889077
zone411,7,60,0.24572812868546534,161499065.01998922
zone411,7,120,0.2376113959842566,294957028.05494541
zone411,7,250,0.23290337925072377,582170931.17887712
zone412,7,1.05,0.63662245247191529,749757677.53345251
zone412,7,2,0.19437474877008509,-497317600.41782433
zone412,7,5,0.3823465382427213,5093332.5025307387
zone412,7,12,0.31974279135007461,62802273.749706045
zone412,7,30,0.2579451259692499,91210621.446791187
zone412,7,60,0.22502908451229592,115939578.95734756
zone412,7,120,0.20388931203007998,157612424.74610713
zone412,7,250,0.1910150180644157,243398607.34081
zone421,7,1.05,0.82863339705156147,-268257923.93045306
zone421,7,2,0.72025973577618363,-183758536.49933761
zone421,7,5,0.52024926974634,-56434354.814234875
zone421,7,12,0.3452073385120864,30267831.349828195
zone421,7,30,0.25893174316199219,92433530.056717783
zone421,7,60,0.28526116454333206,161359441.62541538
zone421,7,120,0.40058110443155565,317297861.93684435
zone421,7,250,0.58625447236162709,741456513.69679356
zone422,7,1.05,0.83577014829621654,-203781640.38718194
zone422,7,2,0.73153367529733671,-127855589.49644573
zone422,7,5,0.53753250462577951,-15072837.790321516
zone422,7,12,0.36214904338446408,56050131.429791436
zone422,7,30,0.25794694163742687,91210505.485398918
zone422,7,60,0.24961476655338904,117489309.4424129
zone422,7,120,0.30806039543762032,187745026.07262042
zone422,7,250,0.44531550127649422,442416167.4633404
zone4222,7,1.05,0.83193897465317013,-219548374.41361398
zone4222,7,2,0.72523209359966812,-140222392.50727576
zone4222,7,5,0.52647752550941096,-22486817.052954916
zone4222,7,12,0.34635350872493709,51415200.835850611
zone4222,7,30,0.23870795504922418,86913418.881746694
zone4222,7,60,0.23172915833041113,112629704.42903446
zone4222,7,120,0.30971491412089652,188426866.69260201
zone4222,7,250,0.65853282142579639,623597373.74202621
zone111,8,1.05,0.51091504592891701,28681414.823795885
zone111,8,2,0.51342719219564925,55343611.667398222
zone111,8,5,0.51507837640101217,139529969.80148295
zone111,8,12,0.5157173574136048,335959661.71670365
zone111,8,30,0.51599067014822153,841062391.25877392
zone111,8,60,0.51608170305036094,1682899690.3980577
zone111,8,120,0.5161272061369141,3366574070.0802674
zone111,8,250,0.51615086422207856,7014535106.1140661
zone211,8,1.05,0.51069300097112036,28381528.24366758
zone211,8,2,0.48656170008555411,46086450.448112242
zone211,8,5,0.43029924448977636,81247483.617339984
zone211,8,12,0.38620158724865816,149524309.25648066
zone211,8,30,0.358272286169947,316561834.28343189
zone211,8,60,0.34692379815566748,591973913.02869105
zone211,8,120,0.34074267290823534,1141488093.4857397
zone211,8,250,0.33737659613351306,2331327528.8037124
zone212,8,1.05,0.77379525826977924,126915129.02046584
zone212,8,2,0.68476653224637074,143287914.71005353
zone212,8,5,0.54518187140223306,166386291.1059953
zone212,8,12,0.41535295466057559,181511601.1064769
zone212,8,30,0.29912811951827423,170447831.03431073
zone212,8,60,0.22932098267650339,103496878.91115233
zone212,8,120,0.17552144413987958,-112773687.84192626
zone212,8,250,0.13441422356007576,-445229349.94478089
zone221,8,1.05,0.92133181728815217,-475135539.72973841
zone221,8,2,0.86086386259745973,-387851920.88289708
zone221,8,5,0.71695345730427107,-193827115.50723335
zone221,8,12,0.53176294115347289,41013666.240701877
zone221,8,30,0.37634256680648492,306717727.43612409
zone221,8,60,0.35603398149184434,588143192.87296581
zone221,8,120,0.46421262435655408,1105458077.5417495
zone221,8,250,0.70958383753476528,2327423386.6987176
zone222,8,1.05,0.92564594067478989,-260774845.42492121
zone222,8,2,0.86805308564524342,-193919655.62613612
zone222,8,5,0.72871214384886518,-51980998.323950008
zone222,8,12,0.53981025829678531,93088463.982174069
zone222,8,30,0.34485835653445507,171944853.95849699
zone222,8,60,0.23884856673971314,155808698.55504182
zone222,8,120,0.17563887051168814,64596502.334728017
zone222,8,250,0.14745843003446399,-142329355.69882208
zone311,8,1.05,0.56502991214671694,49896931.553203329
zone311,8,2,0.49813823346054958,51555333.207589082
zone311,8,5,0.43045229457730111,81350629.410278454
zone311,8,12,0.39321746829093063,157597706.65678757
zone311,8,30,0.37384270820468496,353641303.1898573
zone311,8,60,0.3667554471785045,679872617.98696077
zone311,8,120,0.36307393487526063,1332044687.3198352
zone311,8,250,0.36112071879876295,2744900313.6883731
zone312,8,1.05,0.78018164922267097,135715448.15399992
zone312,8,2,0.68742013574275795,146650998.26891488
zone312,8,5,0.54525446228036833,167468170.61235556
zone312,8,12,0.42138135125275522,192817921.53735867
zone312,8,30,0.32237118722934621,228980540.1956875
zone312,8,60,0.27156812495471899,271925056.3821665
zone312,8,120,0.23892131628772456,346071761.98309284
zone312,8,250,0.21886688955879172,497367478.44147235
zone321,8,1.05,0.92140728290908736,-470591040.2789064
zone321,8,2,0.86092847250428561,-385775207.51456845
zone321,8,5,0.71695882996945759,-193753687.17238036
zone321,8,12,0.53295048649841359,48941850.810057655
zone321,8,30,0.38640794174464743,345497798.0312959
zone321,8,60,0.38315701461832025,669728828.94284594
zone321,8,120,0.51063837707398629,1235654527.8734045
zone321,8,250,0.74243436640710048,2485203660.9956355
zone322,8,1.05,0.92571774863202194,-256690647.4243421
zone322,8,2,0.86811480214332382,-192039670.32396278
zone322,8,5,0.72871733933973648,-51912968.160710216
zone322,8,12,0.54099258261824723,100847477.00982748
zone322,8,30,0.35569338918985388,215676193.95383883
zone322,8,60,0.27249319746577777,271833358.26045191
zone322,8,120,0.25655829993103763,351969728.44929951
zone322,8,250,0.31705187661095524,615395058.73794031
zone411,8,1.05,0.59551093508422193,88347256.027709171
zone411,8,2,0.5126031746126446,67564081.964032024
zone411,8,5,0.43327407727691669,84544243.95836544
zone411,8,12,0.39336901191143925,157832656.18012282
zone411,8,30,0.37393770298890355,353909050.28688276
zone411,8,60,0.3670771233196663,681477499.53467405
zone411,8,120,0.36356734052473283,1336659382.2434702
zone411,8,250,0.36172040464879962,2756186305.404892
zone412,8,1.05,0.7848642364569357,149317416.98749939
zone412,8,2,0.69096850355821116,154342895.58410683
zone412,8,5,0.5465997706833261,169768392.87078324
zone412,8,12,0.42151199077660273,193042658.09437504
zone412,8,30,0.32250883285174781,229292281.87777936
zone412,8,60,0.27219357838511327,273991581.19087905
zone412,8,120,0.2400967927894018,352436986.40028393
zone412,8,250,0.22049670560835918,513653713.68427348
zone421,8,1.05,0.9214682900051151,-465984615.03934216
zone421,8,2,0.8610183232079297,-382167114.15065539
zone421,8,5,0.71705903898002687,-192065199.52765915
zone421,8,12,0.5329768133886662,49151632.132355489
zone421,8,30,0.38647224402924502,345775822.23844898
zone421,8,60,0.38361289456533648,671188459.64016557
zone421,8,120,0.51165408302282844,1238586783.2268088
zone421,8,250,0.74320350050576833,2489148585.5629215
zone422,8,1.05,0.92577579883886485,-252555879.1472725
zone422,8,2,0.86820062908558515,-188777684.38409576
zone422,8,5,0.72881424375861958,-50351119.918505698
zone422,8,12,0.5410187937611044,101052340.74670431
zone422,8,30,0.35576260826281331,215988853.52882272
zone422,8,60,0.27305867261676003,273902377.15550983
zone422,8,120,0.25832719523406272,358359096.33994508
zone422,8,250,0.32087622353869882,632426590.12989497
zone4222,8,1.05,0.92558162606605654,-255385833.00138772
zone4222,8,2,0.8678459451585997,-191369749.81379032
zone4222,8,5,0.72802589251420236,-52417487.263545908
zone4222,8,12,0.53951128801496007,99565555.469770148
zone4222,8,30,0.35356944625366382,214921779.02803904
zone4222,8,60,0.27262728103712158,273700608.26459426
zone4222,8,120,0.27291759804140592,367915398.5679695
zone4222,8,250,0.49926268630476361,861314109.87991071
zone111,9,1.05,0.49310720482984949,9154126.3388705645
zone111,9,2,0.49310720482984854,17436431.121658206
zone111,9,5,0.49459902238520298,44004114.313049242
zone111,9,12,0.49545639854904416,106179638.65323816
zone111,9,30,0.49582293815086242,266058080.05599746
zone111,9,60,0.4959449973762321,532521755.90310866
zone111,9,120,0.49600600439416881,1065448960.325978
zone111,9,250,0.4960377220931706,2220124489.1081324
zone211,9,1.05,0.49289540305965013,9085358.7908066548
zone211,9,2,0.46731493660204992,14269590.953872463
zone211,9,5,0.41505690801288786,24699324.455009479
zone211,9,12,0.37703416195930806,45699589.150039539
zone211,9,30,0.35433902156463704,97996433.252857745
zone211,9,60,0.34548047151576727,184677959.16833141
zone211,9,120,0.34075188246436133,357857530.98986149
zone211,9,250,0.33820654702897007,732978649.4054333
zone212,9,1.05,0.752023145993579,33866216.331779756
zone212,9,2,0.66236788989499007,39293096.589147046
zone212,9,5,0.53177348012759085,48919941.280084051
zone212,9,12,0.42473066905242185,62876338.859457672
zone212,9,30,0.34642771608626094,91887188.375938326
zone212,9,60,0.31025401822862603,137627215.05542517
zone212,9,120,0.28895822237330704,227939748.11820611
zone212,9,250,0.27676845475603096,422931189.67453098
zone221,9,1.05,0.89377129450580173,-126227921.86095847
zone221,9,2,0.81637107845528678,-99346188.592981488
zone221,9,5,0.64686533506905908,-42536533.123485826
zone221,9,12,0.46108161039675938,22679223.666014008
zone221,9,30,0.35442073442552408,97970069.750199646
zone221,9,60,0.41306253370437396,153710134.99821144
zone221,9,120,0.55605089102896854,126333680.47917442
zone221,9,250,0.55450068940821307,115010010.65796471
zone222,9,1.05,0.90062668382778965,-62957285.506026901
zone222,9,2,0.8277609052501137,-41743190.052805535
zone222,9,5,0.66600840367098657,1894557.1268141612
zone222,9,12,0.48054291248893177,47590553.779761158
zone222,9,30,0.34692023785816523,92100400.327059761
zone222,9,60,0.34367259974738923,127857130.64053839
zone222,9,120,0.47910884403087123,130738885.55353467
zone222,9,250,0.44354004274964975,203680399.21207762
zone311,9,1.05,0.308711753035676,-10823382.959010681
zone311,9,2,0.451327337922733,11758323.135590686
zone311,9,5,0.41402926096050097,24456048.698003188
zone311,9,12,0.36209644836519511,39829045.366892278
zone311,9,30,0.32266403066300448,73455915.703653038
zone311,9,60,0.30494870769354554,127839293.91663736
zone311,9,120,0.29480346596707169,235960927.21299684
zone311,9,250,0.28911390539015713,469865707.87735999
zone312,9,1.05,0.73900780723249182,28582446.30202866
zone312,9,2,0.65848010210800056,37855884.737164259
zone312,9,5,0.53126534515590684,48783343.405241996
zone312,9,12,0.41312571435716477,57437190.020799153
zone312,9,30,0.31089203317338271,66055505.177827261
zone312,9,60,0.254229060280871,74354373.72466591
zone312,9,120,0.21543339932657257,87602242.603444159
zone312,9,250,0.19025270743115055,113954717.2855662
zone321,9,1.05,0.89353272020874386,-129366054.27860758
zone321,9,2,0.81620150966291394,-100547604.22060205
zone321,9,5,0.64679386317752963,-42758014.021719098
zone321,9,12,0.45686075504627593,15995798.538710324
zone321,9,30,0.32620339192986836,72560699.417638406
zone321,9,60,0.33421836054651582,118529579.09421645
zone321,9,120,0.49826570352850896,114825937.62232134
zone321,9,250,0.46979997804261159,194122605.75084594
zone322,9,1.05,0.90039937221654587,-65727480.682189465
zone322,9,2,0.82759866647042779,-42810147.562055044
zone322,9,5,0.66593914263453791,1694093.1798863776
zone322,9,12,0.47633786950305479,41263385.013736591
zone322,9,30,0.31714916609967037,64845460.028597042
zone322,9,60,0.25872070732737601,73568752.872515693
zone322,9,120,0.27216586637721563,77113980.504633546
zone322,9,250,0.33774289984730149,72738930.756034613
zone411,9,1.05,0.88217771973189096,635811630.97783506
zone411,9,2,0.79827505964521128,515351250.93087447
zone411,9,5,0.62155045415564569,297997968.05338711
zone411,9,12,0.44196311896621349,134304682.36782169
zone411,9,30,0.3333096022513955,87438981.847939178
zone411,9,60,0.30511757741365719,128140858.16415994
zone411,9,120,0.29626627156076751,240128709.75185233
zone411,9,250,0.29350051277564354,492760059.69839621
zone412,9,1.05,0.89839480875736888,517425476.72215843
zone412,9,2,0.82468456745592711,432237733.41949803
zone412,9,5,0.66307201539317284,274249245.97467673
zone412,9,12,0.47755781122218321,143494177.27952263
zone412,9,30,0.32296064437210975,80788452.570455745
zone412,9,60,0.2544780973367598,74700307.167806208
zone412,9,120,0.21806427363831235,92614771.774687126
zone412,9,250,0.1992511799399479,142157194.15344813
zone421,9,1.05,0.90907269101456334,342325200.99460948
zone421,9,2,0.84027417290507633,292402629.18642277
zone421,9,5,0.68067902650218604,193825037.60533017
zone421,9,12,0.48499170896609206,108601096.66412549
zone421,9,30,0.33513314822320578,86904084.762286261
zone421,9,60,0.33450936513392526,118769956.32674192
zone421,9,120,0.50000268568405115,115948135.73302044
zone421,9,250,0.47723053821005756,192000853.5628722
zone422,9,1.05,0.91521149024431492,346261096.87002712
zone422,9,2,0.85064023240280917,302422546.5382759
zone422,9,5,0.69879137258906199,213429462.46696579
zone422,9,12,0.50437549632547751,127848221.91661441
zone422,9,30,0.32656410269798486,79946788.342570394
zone422,9,60,0.25903590592904874,73899603.323219463
zone422,9,120,0.2788175831325504,80815069.554154873
zone422,9,250,0.34702419186014583,90422783.540614277
zone4222,9,1.05,0.91293329908790077,357388634.88431227
zone4222,9,2,0.84651026692433007,311434277.23265046
zone4222,9,5,0.68972717800151373,217809365.7027432
zone4222,9,12,0.48671507947919412,126861615.16438301
zone4222,9,30,0.29355139223071958,74071036.68652387
zone4222,9,60,0.20765433134570552,65934696.734266616
zone4222,9,120,0.20217641194902924,77785361.393508971
zone4222,9,250,0.22138761417717934,121668014.78007057
zone111,10,1.05,0.46506449588381366,28226360.461609434
zone111,10,2,0.4650644958838146,53764496.117351286
zone111,10,5,0.46619343909348704,135381390.23480752
zone111,10,12,0.46769804364237377,328019759.44039297
zone111,10,30,0.46834006418385421,823362190.87750947
zone111,10,60,0.46855369830045002,1648929359.8959758
zone111,10,120,0.46866044561921166,3300062369.2074137
zone111,10,250,0.46871593586608201,6877516493.9371586
zone211,10,1.05,0.46482095365018056,27978003.588718794
zone211,10,2,0.43499594723960194,42588186.671197981
zone211,10,5,0.36957926004046554,66474796.078343198
zone211,10,12,0.31888136054370203,110230234.67987971
zone211,10,30,0.28547521977928669,214602013.04055324
zone211,10,60,0.27149369554225516,385890959.05901766
zone211,10,120,0.26375464698146267,727343733.28479326
zone211,10,250,0.25949907571013475,1466504785.4652998
zone212,10,1.05,0.74467077758149436,126569526.64703366
zone212,10,2,0.65178988856401898,143248168.97917572
zone212,10,5,0.51240659964353741,167725694.74068555
zone212,10,12,0.39137655252915987,193373482.75701421
zone212,10,30,0.2920657498249018,226982736.83794594
zone212,10,60,0.23919523218586419,267323658.47782597
zone212,10,120,0.20397276246946083,338685638.72656029
zone212,10,250,0.18159183690243436,486278596.14332825
zone221,10,1.05,0.89223315944690729,-420435051.97625005
zone221,10,2,0.81374138660090789,-331961372.95619231
zone221,10,5,0.64072336481234693,-155328671.88038364
zone221,10,12,0.44347174474828244,27189066.416459866
zone221,10,30,0.29749615472761981,207252871.30216816
zone221,10,60,0.28539937337475041,376073875.90243357
zone221,10,120,0.4210095990971372,538042749.92655432
zone221,10,250,0.3668577040492193,1121437043.78584
zone222,10,1.05,0.89865348202887074,-205828531.34855694
zone222,10,2,0.8245231233167799,-133327389.75073326
zone222,10,5,0.65961190976269735,7223846.5660035182
zone222,10,12,0.46581722124487396,137119922.80533996
zone222,10,30,0.30223465323599236,222999554.64754406
zone222,10,60,0.2416054039535924,269430701.55911762
zone222,10,120,0.26096799956835393,321537241.83957887
zone222,10,250,0.28995325384508586,443699814.20931017
zone311,10,1.05,0.40401653206344795,-3766106.2720476007
zone311,10,2,0.42282078123029132,35146985.199555725
zone311,10,5,0.36918942405885269,66174810.117942646
zone311,10,12,0.31785007913524238,109049445.8745434
zone311,10,30,0.28132650067726556,205875884.96122059
zone311,10,60,0.26538641760031167,363333909.16658688
zone311,10,120,0.25637567909121078,676660472.83036566
zone311,10,250,0.25135891199482929,1354623758.1839082
zone312,10,1.05,0.73942334479515659,117496358.76892528
zone312,10,2,0.64923083690163153,139492506.05944255
zone312,10,5,0.51224664668370368,167618547.67367986
zone312,10,12,0.39070528480862038,192856989.53454077
zone312,10,30,0.28796285854392756,219603751.35038579
zone312,10,60,0.23126493720430108,245847950.24604884
zone312,10,120,0.19209233872374509,287206260.56474322
zone312,10,250,0.16625946082800375,368208065.2506429
zone321,10,1.05,0.89213615083870379,-425094283.21185642
zone321,10,2,0.81363631810400017,-334681833.87413925
zone321,10,5,0.64070340200709697,-155555262.55078346
zone321,10,12,0.44326313467207346,25972255.422167864
zone321,10,30,0.29479095287429607,197946015.69582132
zone321,10,60,0.2763346937961218,356140683.06871825
zone321,10,120,0.41351494211270318,510266876.57324743
zone321,10,250,0.3546362227506572,1076429978.9057062
zone322,10,1.05,0.89856095285201687,-209969744.22950074
zone322,10,2,0.82442261136352624,-135754809.52184835
zone322,10,5,0.65959264098997206,7019158.8247396965
zone322,10,12,0.46561199501227729,135988101.63020518
zone322,10,30,0.29947458945245081,213618739.8148523
zone322,10,60,0.23235150173662319,245410899.94028437
zone322,10,120,0.23103986721118058,274715450.18431902
zone322,10,250,0.27624729377144114,339979344.2670846
zone411,10,1.05,0.78529282307894643,1662771235.5432334
zone411,10,2,0.66703554184231451,1121677540.3833437
zone411,10,5,0.48080046435283336,482391691.47331035
zone411,10,12,0.35015851487644972,216863625.82926521
zone411,10,30,0.28524290778739481,220817239.77016321
zone411,10,60,0.26551090752113349,363981275.42779964
zone411,10,120,0.25668186922485925,679178316.11355472
zone411,10,250,0.25246381372334487,1371105917.4753594
zone412,10,1.05,0.83486996888934617,1127638586.2843432
zone412,10,2,0.73800883249816807,836376612.20326161
zone412,10,5,0.56761301828769117,468167187.90694922
zone412,10,12,0.41250036441105015,284450527.40335017
zone412,10,30,0.2918359956692218,234591042.48709461
zone412,10,60,0.2314279206579721,246557379.09800023
zone412,10,120,0.19259589397630197,290123047.72016382
zone412,10,250,0.16840881046794967,387961986.45846677
zone421,10,1.05,0.89626498951124822,80598860.570300773
zone421,10,2,0.81997591922691149,78450076.454268709
zone421,10,5,0.64949113907196021,83455425.980122849
zone421,10,12,0.45056514406683779,116853078.32913651
zone421,10,30,0.29734270496222481,213210039.47741085
zone421,10,60,0.27651558750206967,356734426.09393764
zone421,10,120,0.41382083656736079,511671592.41206634
zone421,10,250,0.35627473696616807,1083199619.5627532
zone422,10,1.05,0.90249946972286788,237678659.41703996
zone422,10,2,0.83048782006643884,231339155.27618328
zone422,10,5,0.66807572245503133,221941663.65514114
zone422,10,12,0.47279633448336877,220044752.59794334
zone422,10,30,0.30207808104426576,228865478.19250417
zone422,10,60,0.23253629681482327,246109862.31007794
zone422,10,120,0.23220078691607843,277213672.42139959
zone422,10,250,0.27808482965348952,355541075.65096503
zone4222,10,1.05,0.89941829489661118,225504361.05058825
zone4222,10,2,0.82508178988613068,218674862.01194096
zone4222,10,5,0.65718319500566758,208265287.95453745
zone4222,10,12,0.4543568713007366,205144902.49046826
zone4222,10,30,0.27387219538114277,212348722.45138621
zone4222,10,60,0.19467704947219713,228508069.31280366
zone4222,10,120,0.17916081143270779,263749090.06549326
zone4222,10,250,0.20821748018294184,369628873.71909893
zone111,11,1.05,0.51993030571989418,10666231.265995229
zone111,11,2,0.5212398130908128,20463159.494432949
zone111,11,5,0.52210427899068013,51399727.493265793
zone111,11,12,0.5224396151840347,123584487.18945192
zone111,11,30,0.52258318624891731,309202198.9607228
zone111,11,60,0.52263102403235739,618564987.52184355
zone111,11,120,0.52265493931855111,1237290540.5083678
zone111,11,250,0.52266737431761634,2577862558.7336874
zone211,11,1.05,0.51968758495717704,10595427.820667339
zone211,11,2,0.49130006137737586,16601835.351632111
zone211,11,5,0.42396018153647941,26800850.094981659
zone211,11,12,0.36679149978823167,44700373.684055172
zone211,11,30,0.32715531175305812,86976814.670879051
zone211,11,60,0.30989875211867962,156077292.47899032
zone211,11,120,0.30013249284936749,293659908.27763766
zone211,11,250,0.29468840523521528,591381669.40799081
zone212,11,1.05,0.73715859895332891,35341662.18428456
zone212,11,2,0.65335591465776333,41872945.566673145
zone212,11,5,0.5282623484200204,52211491.560661688
zone212,11,12,0.41919604692036755,65305884.182909198
zone212,11,30,0.33097786531472773,88949697.791861787
zone212,11,60,0.28525631982932276,123411705.6619775
zone212,11,120,0.255714441595424,189343150.48160538
zone212,11,250,0.23751118538327978,329933575.49714434
zone221,11,1.05,0.92461369373709645,-192009866.63375431
zone221,11,2,0.86617698077941696,-160676840.21552688
zone221,11,5,0.72507757407518103,-91014694.628421456
zone221,11,12,0.53733557902166151,-8117960.4683292089
zone221,11,30,0.36342321316703979,77928229.849177361
zone221,11,60,0.31018500929174664,156008526.53346503
zone221,11,120,0.36312759755223323,275887857.37643874
zone221,11,250,0.577372107072882,464169566.4677788
zone222,11,1.05,0.92744009517002879,-135339351.67396045
zone222,11,2,0.87105289868450908,-107783832.20045048
zone222,11,5,0.73417091766657339,-47376802.896216959
zone222,11,12,0.54894866062436931,21103137.515949864
zone222,11,30,0.36575724959164269,81629397.556611732
zone222,11,60,0.28580352535515208,125068974.51037511
zone222,11,120,0.28112538089085348,189543359.83919615
zone222,11,250,0.38605809811576097,322890862.67142451
zone311,11,1.05,0.56928911128091431,19720774.653965872
zone311,11,2,0.50475311078341256,19388596.265812863
zone311,11,5,0.42424516682009006,26874704.062577471
zone311,11,12,0.36895099430407718,45533501.343847163
zone311,11,30,0.33478032713428019,92421681.295026466
zone311,11,60,0.32089880866032716,169939329.44371316
zone311,11,120,0.31331623254781682,324656905.12460697
zone311,11,250,0.30917726323112066,659681254.71534622
zone312,11,1.05,0.74663570149968983,39609553.302927054
zone312,11,2,0.65763279700720201,43621201.275677785
zone312,11,5,0.52840827619649333,52391801.975588627
zone312,11,12,0.42076893683632527,66382038.157522544
zone312,11,30,0.33855562509491699,95296858.902039513
zone312,11,60,0.29840780292686286,139959273.43985173
zone312,11,120,0.27369186251205163,227286415.6641219
zone312,11,250,0.2590520420528119,415112386.82162631
zone321,11,1.05,0.92467827783739154,-190366939.40703177
zone321,11,2,0.86624764131706589,-159718392.14611009
zone321,11,5,0.72508635272697575,-90964272.359270409
zone321,11,12,0.53763002161788864,-7301418.1626264798
zone321,11,30,0.36721098920722023,83799721.852271169
zone321,11,60,0.32212158633019666,169604130.73604387
zone321,11,120,0.38873894784649471,298432954.15970081
zone321,11,250,0.61276139930009621,481950225.11679262
zone322,11,1.05,0.92750245905271211,-133813578.11247189
zone322,11,2,0.87112122110315637,-106891578.42589597
zone322,11,5,0.73417944182394623,-47329499.946163803
zone322,11,12,0.54923744220683679,21883380.997352764
zone322,11,30,0.36957244366776243,87522849.982877165
zone322,11,60,0.2984115970654887,139958469.46130702
zone322,11,120,0.31130037922735843,219649465.18191594
zone322,11,250,0.44467955605399928,372361266.78577024
zone411,11,1.05,0.85058840328483243,452372196.83108962
zone411,11,2,0.75314588820794592,345219349.2450465
zone411,11,5,0.57042309273748382,181749872.65967342
zone411,11,12,0.41621005063795141,91146943.410991654
zone411,11,30,0.33937998853818807,97821390.916177601
zone411,11,60,0.32089881176285473,169939334.72768342
zone411,11,120,0.31470790500530743,328604356.35385132
zone411,11,250,0.31247383197309403,677261067.51858068
zone412,11,1.05,0.87182596227829945,371467163.4099353
zone412,11,2,0.78651788055011485,296097990.74646682
zone412,11,5,0.61913652527466556,178356187.32251349
zone412,11,12,0.45665881358478511,107150189.45092461
zone412,11,30,0.34312692284107871,100714622.79133204
zone412,11,60,0.29840780660292271,139959279.06604102
zone412,11,120,0.27554704734030561,231629864.86080858
zone412,11,250,0.26377322328344305,434796602.4106552
zone421,11,1.05,0.9280412426959832,-31583899.847297687
zone421,11,2,0.8716701432856131,-23843671.562397629
zone421,11,5,0.73346171470806032,-3924570.1815749919
zone421,11,12,0.54536101806843351,29229304.489872158
zone421,11,30,0.36958696398845464,89300904.13889344
zone421,11,60,0.32212158978832461,169604135.90588263
zone421,11,120,0.39147911680850028,301238611.73271185
zone421,11,250,0.62052739269267898,485925742.14780694
zone422,11,1.05,0.93074981627765274,13444531.644324379
zone422,11,2,0.87636429796650983,19414808.301893547
zone422,11,5,0.74231200512223616,34184362.296901263
zone422,11,12,0.55681980551402099,56707441.365876086
zone422,11,30,0.37196561972950115,93023726.699463621
zone422,11,60,0.29841160071817946,139958475.09239605
zone422,11,120,0.31452909372160998,223366849.01322201
zone422,11,250,0.45757248721395433,383500569.02224743
zone4222,11,1.05,0.93039848998053476,12372858.838300474
zone4222,11,2,0.87573204412733208,18385730.265705202
zone4222,11,5,0.74096302519025614,33256435.276219282
zone4222,11,12,0.55439334081467506,55922551.097722836
zone4222,11,30,0.36832294294021733,92469737.388631746
zone4222,11,60,0.29472515708191271,139742583.66544682
zone4222,11,120,0.31557571333286855,223299921.58632436
zone4222,11,250,0.50592093156196694,367963402.62042159
zone111,12,1.05,0.48186103524111562,53721224.931562409
zone111,12,2,0.48186103524111507,102326142.72678547
zone111,12,5,0.48873543814515713,266656507.22692162
zone111,12,12,0.49173298704667262,651331842.91698873
zone111,12,30,0.49300639596955242,1640395354.5919497
zone111,12,60,0.49342938007588127,3288807694.3375511
zone111,12,120,0.49364059473817185,6585622345.4424229
zone111,12,250,0.49375035339695722,13728715260.038036
zone211,12,1.05,0.4816188844257302,52386987.68106772
zone211,12,2,0.45193117446926373,80206169.48649466
zone211,12,5,0.39669668175306899,136760779.10709232
zone211,12,12,0.35304980609556191,241106658.74439552
zone211,12,30,0.3252209507705433,491403283.05466044
zone211,12,60,0.31388990955462653,902333442.83614874
zone211,12,120,0.30771395785551792,1721480661.0779266
zone211,12,250,0.30434955555026882,3494702133.3370705
zone212,12,1.05,0.72834448431009957,197691605.63158956
zone212,12,2,0.63941848983644889,229836031.39068612
zone212,12,5,0.51607958061536297,294868568.03165227
zone212,12,12,0.41632471644929575,385687067.33525419
zone212,12,30,0.34325932207115778,562322451.5435822
zone212,12,60,0.30923792239836956,829732247.47585607
zone212,12,120,0.28905941741431096,1349217211.1422505
zone212,12,250,0.27744162428601293,2463962296.1117067
zone221,12,1.05,0.854363234610371,-469900185.36030436
zone221,12,2,0.75714671813431234,-325119946.36740631
zone221,12,5,0.56856290807494825,-50622865.150263585
zone221,12,12,0.39715411726296546,202702017.11219138
zone221,12,30,0.32865660012189146,488813070.53950673
zone221,12,60,0.39435536170007551,839977600.38859737
zone221,12,120,0.58290777021749751,1461455181.9464703
zone221,12,250,0.88344347443707627,2017991708.0196567
zone222,12,1.05,0.86524827224154366,-166022474.69747889
zone222,12,2,0.77495128659933465,-47286554.414154775
zone222,12,5,0.59841252703143222,177276457.79692107
zone222,12,12,0.43302486697660053,372826231.21509796
zone222,12,30,0.35138366044005948,570599155.9091475
zone222,12,60,0.38721136974568005,817274022.84196031
zone222,12,120,0.53311456214894282,1335461433.6203861
zone222,12,250,0.77989465990063611,2763368302.8274379
zone311,12,1.05,0.389894508564748,136901527.82113019
zone311,12,2,0.39214506482925421,22125020.749081902
zone311,12,5,0.39619936463462352,136045739.39116758
zone311,12,12,0.34480098348149985,222207267.98155022
zone311,12,30,0.29845965270404917,375263534.03718543
zone311,12,60,0.27544783724058225,607098518.76645553
zone311,12,120,0.26147021107447727,1059536133.7591488
zone311,12,250,0.25332413138174847,2032572490.2906373
zone312,12,1.05,0.68841719290662162,105119166.98768203
zone312,12,2,0.62547565744876454,199541275.17434821
zone312,12,5,0.5158459339742939,295571550.21446705
zone312,12,12,0.41075830125168039,373447208.01025814
zone312,12,30,0.31927142084911458,463259222.69436115
zone312,12,60,0.26858751554419996,558320415.3331933
zone312,12,120,0.23394506983433266,712357257.11150038
zone312,12,250,0.21150084375418113,1016138035.6194967
zone321,12,1.05,0.85300808856492516,-525439698.23107535
zone321,12,2,0.75588874253654581,-353047461.03221428
zone321,12,5,0.56849662294854486,-51285027.780140325
zone321,12,12,0.39351677393405582,182637113.42442927
zone321,12,30,0.2986866719177898,375152500.71380985
zone321,12,60,0.3212503602795766,597515069.56982517
zone321,12,120,0.45954738583160787,1096454942.7787018
zone321,12,250,0.82304474012594209,2439706188.0052171
zone322,12,1.05,0.86398981187705148,-213677915.1583713
zone322,12,2,0.77378067127881622,-71331866.237687126
zone322,12,5,0.5983504671519051,176700355.38311663
zone322,12,12,0.42956994003687088,354916458.44466388
zone322,12,30,0.32179822730392399,462004730.36746055
zone322,12,60,0.30981946288946682,557215283.8665688
zone322,12,120,0.37784046200698895,817421845.32649577
zone322,12,250,0.66583769146478167,2172812845.6868124
zone411,12,1.05,0.82367757274402198,1527918068.7090433
zone411,12,2,0.71337800707188326,1128567603.5097983
zone411,12,5,0.519641332402071,572217369.0940522
zone411,12,12,0.36871237870458318,309243828.38741386
zone411,12,30,0.2985393153871469,375665801.32653755
zone411,12,60,0.28238704244778634,662332122.68250334
zone411,12,120,0.2771036078003617,1278739798.5012298
zone411,12,250,0.27523645557889587,2630481327.1740813
zone412,12,1.05,0.85298192290703667,1284415140.0842476
zone412,12,2,0.75900064225555641,1017105061.2846328
zone412,12,5,0.58541851466143946,641243904.49786663
zone412,12,12,0.42716872771227737,448984046.96642834
zone412,12,30,0.31934206853805663,463648325.29146266
zone412,12,60,0.2759883053084054,615363345.725492
zone412,12,120,0.25308786487230717,949422687.65826571
zone412,12,250,0.24095188698721987,1682969494.9193807
zone421,12,1.05,0.87116181232093293,633300195.36741352
zone421,12,2,0.78096735468093026,517358573.83819479
zone421,12,5,0.59443908817861446,347874020.30197209
zone421,12,12,0.40459383770395041,270366641.22926944
zone421,12,30,0.29877026656491468,375552626.32076526
zone421,12,60,0.33393154093801841,645972507.72523594
zone421,12,120,0.50215175025984271,1236736324.3213067
zone421,12,250,0.8520719983513434,2334691698.6381726
zone422,12,1.05,0.88084838762332196,779007287.53451324
zone422,12,2,0.79711779647615233,676831829.57136083
zone422,12,5,0.62263939038406202,523272149.65807527
zone422,12,12,0.44009150828697807,432994514.79371727
zone422,12,30,0.32188074556657487,462385613.71980113
zone422,12,60,0.32323799799478581,609056654.07234848
zone422,12,120,0.43110375004575574,1014709204.7973365
zone422,12,250,0.72065276520687671,2530570965.515583
zone4222,12,1.05,0.87657804757539404,800374690.00431478
zone4222,12,2,0.78981591454255407,690792854.30972183
zone4222,12,5,0.60883009234002128,524421258.29564095
zone4222,12,12,0.4189079682559152,424172887.00978982
zone4222,12,30,0.29501125890417873,448578622.70480043
zone4222,12,60,0.29858735261525016,595856108.505458
zone4222,12,120,0.45108528261532821,1025426486.5157664
zone4222,12,250,0.62686963644585414,2691745682.3914776
